<step title="Incoming Request" date="2025-10-06T06:12:46.828" instance="f8f925" url="/api/publish?type=zip&amp;async=True" method="POST" type="request" pid="770,1,20" Accept="*/*" Host="teamsbot-mihai-mi.scm.azurewebsites.net" User-Agent="AZURECLI/2.65.0 (MSI)" Accept-Encoding="gzip, deflate" Authorization="Bas..." Cache-Control="no-cache" Content-Type="application/octet-stream" Content-Length="11198" x-ms-client-request-id="76d68a91-a27b-11f0-8b8d-f0a6549f27e0" x-ms-artifact-checksum="ec305f80f2a88f8841098f7f332bac524ad80a928f52fd30db89b9dc376c3f36" X-ARR-LOG-ID="76d68a91-a27b-11f0-8b8d-f0a6549f27e0" CLIENT-IP="193.194.0.20:57831" X-SITE-DEPLOYMENT-ID="teamsbot-mihai-mi" WAS-DEFAULT-HOSTNAME="teamsbot-mihai-mi.scm.azurewebsites.net" X-Forwarded-Proto="https" X-AppService-Proto="https" X-Forwarded-TlsVersion="1.3" X-WAWS-Unencoded-URL="/api/publish?type=zip&amp;async=True" X-Client-IP="193.194.0.20" X-Client-Port="57831" >
  <step title="Cleanup Xml Logs" date="2025-10-06T06:12:46.869" /><!-- duration: 68ms -->
  <step title="OneDeploy" date="2025-10-06T06:12:47.208" >
    <step title="Starting PushDeployAsync" date="2025-10-06T06:12:47.388" /><!-- duration: 4ms -->
    <step title="Writing artifact to /tmp/zipdeploy/8e44cbf1-af37-4ace-87aa-40dc9ea10bc7.zip" date="2025-10-06T06:12:47.449" >
      <step title="Writing multipart request body to /tmp/zipdeploy/8e44cbf1-af37-4ace-87aa-40dc9ea10bc7.zip" date="2025-10-06T06:12:47.481" /><!-- duration: 9ms -->
    </step><!-- duration: 81ms -->
    <step title="Start deployment in the background" date="2025-10-06T06:12:47.561" >
      <step title="Acquiring Deployment Lock" date="2025-10-06T06:12:47.600" /><!-- duration: 2ms -->
      <step title="Cannot Acquire Deployment Lock already held" date="2025-10-06T06:12:47.607" /><!-- duration: 2ms -->
    </step><!-- duration: 163ms -->
    <step title="There is a deployment currently in progress. Please try again when it completes." date="2025-10-06T06:12:47.734" /><!-- duration: 19ms -->
  </step><!-- duration: 557ms -->
  <step title="Outgoing response" date="2025-10-06T06:12:47.811" type="response" statusCode="409" statusText="Conflict" /><!-- duration: 4ms -->
</step><!-- duration: 993ms -->
