<step title="Incoming Request" date="2025-10-03T14:06:23.439" instance="f8f925" url="/api/publish?type=zip&amp;async=True" method="POST" type="request" pid="770,1,7" Accept="*/*" Host="teamsbot-mihai-mi.scm.azurewebsites.net" User-Agent="AZURECLI/2.65.0 (MSI)" Accept-Encoding="gzip, deflate" Authorization="Bas..." Cache-Control="no-cache" Content-Type="application/octet-stream" Content-Length="11198" x-ms-client-request-id="2185cf15-a062-11f0-b745-f0a6549f27e0" x-ms-artifact-checksum="ec305f80f2a88f8841098f7f332bac524ad80a928f52fd30db89b9dc376c3f36" X-ARR-LOG-ID="2185cf15-a062-11f0-b745-f0a6549f27e0" CLIENT-IP="193.194.0.20:54466" X-SITE-DEPLOYMENT-ID="teamsbot-mihai-mi" WAS-DEFAULT-HOSTNAME="teamsbot-mihai-mi.scm.azurewebsites.net" X-Forwarded-Proto="https" X-AppService-Proto="https" X-Forwarded-TlsVersion="1.3" X-WAWS-Unencoded-URL="/api/publish?type=zip&amp;async=True" X-Client-IP="193.194.0.20" X-Client-Port="54466" >
  <step title="Cleanup Xml Logs" date="2025-10-03T14:06:23.441" /><!-- duration: 5ms -->
  <step title="OneDeploy" date="2025-10-03T14:06:23.589" >
    <step title="None repository commit" date="2025-10-03T14:06:23.602" >
      <step title="Commit id: 94a147cb-106c-413a-9f06-5b5948731e7d" date="2025-10-03T14:06:23.607" Message="N/A" AuthorName="N/A" AuthorEmail="N/A" /><!-- duration: 3ms -->
    </step><!-- duration: 10ms -->
    <step title="Starting PushDeployAsync" date="2025-10-03T14:06:23.615" /><!-- duration: 2ms -->
    <step title="Writing artifact to /tmp/zipdeploy/15918127-ed45-4d91-aaf6-3b04f501d4b2.zip" date="2025-10-03T14:06:23.642" >
      <step title="Writing multipart request body to /tmp/zipdeploy/15918127-ed45-4d91-aaf6-3b04f501d4b2.zip" date="2025-10-03T14:06:23.647" /><!-- duration: 4ms -->
    </step><!-- duration: 66ms -->
    <step title="Start deployment in the background" date="2025-10-03T14:06:23.721" >
      <step title="Acquiring Deployment Lock" date="2025-10-03T14:06:23.753" /><!-- duration: 29ms -->
      <step title="Acquired Deployment Lock" date="2025-10-03T14:06:23.918" /><!-- duration: 3ms -->
    </step><!-- duration: 312ms -->
  </step><!-- duration: 452ms -->
  <step title="Outgoing response" date="2025-10-03T14:06:24.053" type="response" statusCode="202" statusText="Accepted" /><!-- duration: 10ms -->
</step><!-- duration: 627ms -->
