<step title="Incoming Request" date="2025-10-06T06:12:54.697" instance="f8f925" url="/api/zipdeploy?isAsync=true" method="POST" type="request" pid="770,1,20" Accept="*/*" Host="teamsbot-mihai-mi.scm.azurewebsites.net" User-Agent="AZURECLI/2.65.0 (MSI)" Accept-Encoding="gzip, deflate" Authorization="Bas..." Cache-Control="no-cache" Content-Type="application/octet-stream" Content-Length="11198" x-ms-client-request-id="7bd4fa7a-a27b-11f0-b9d1-f0a6549f27e0" x-ms-artifact-checksum="ec305f80f2a88f8841098f7f332bac524ad80a928f52fd30db89b9dc376c3f36" X-ARR-LOG-ID="7bd4fa7a-a27b-11f0-b9d1-f0a6549f27e0" CLIENT-IP="193.194.0.20:57846" X-SITE-DEPLOYMENT-ID="teamsbot-mihai-mi" WAS-DEFAULT-HOSTNAME="teamsbot-mihai-mi.scm.azurewebsites.net" X-Forwarded-Proto="https" X-AppService-Proto="https" X-Forwarded-TlsVersion="1.3" X-WAWS-Unencoded-URL="/api/zipdeploy?isAsync=true" X-Client-IP="193.194.0.20" X-Client-Port="57846" >
  <step title="Cleanup Xml Logs" date="2025-10-06T06:12:54.707" /><!-- duration: 11ms -->
  <step title="ZipPushDeploy" date="2025-10-06T06:12:54.777" >
    <step title="ZipDeploy. Extract zip. Remote build." date="2025-10-06T06:12:54.808" /><!-- duration: 2ms -->
    <step title="Starting PushDeployAsync" date="2025-10-06T06:12:54.820" /><!-- duration: 19ms -->
    <step title="Writing artifact to /tmp/zipdeploy/009d17a9-e865-405c-a09d-93fc8796fa9b.zip" date="2025-10-06T06:12:54.860" >
      <step title="Writing multipart request body to /tmp/zipdeploy/009d17a9-e865-405c-a09d-93fc8796fa9b.zip" date="2025-10-06T06:12:54.879" /><!-- duration: 22ms -->
    </step><!-- duration: 120ms -->
    <step title="Start deployment in the background" date="2025-10-06T06:12:55.040" >
      <step title="Acquiring Deployment Lock" date="2025-10-06T06:12:55.120" /><!-- duration: 11ms -->
      <step title="Cannot Acquire Deployment Lock already held" date="2025-10-06T06:12:55.181" /><!-- duration: 30ms -->
    </step><!-- duration: 397ms -->
    <step title="There is a deployment currently in progress. Please try again when it completes." date="2025-10-06T06:12:55.458" /><!-- duration: 11ms -->
  </step><!-- duration: 701ms -->
  <step title="Outgoing response" date="2025-10-06T06:12:55.529" type="response" statusCode="409" statusText="Conflict" /><!-- duration: 20ms -->
</step><!-- duration: 868ms -->
