﻿<?xml version="1.0" encoding="utf-8"?>
<deployment>
  <id>d3c633da-47bb-46f6-8c09-1c277d934434</id>
  <author>N/A</author>
  <deployer>OneDeploy</deployer>
  <authorEmail>N/A</authorEmail>
  <message>OneDeploy</message>
  <progress></progress>
  <status>Success</status>
  <statusText></statusText>
  <lastSuccessEndTime>2025-10-06T07:01:38.6225134Z</lastSuccessEndTime>
  <receivedTime>2025-10-06T06:58:23.1934134Z</receivedTime>
  <startTime>2025-10-06T06:58:24.6401373Z</startTime>
  <endTime>2025-10-06T07:01:38.6225134Z</endTime>
  <complete>True</complete>
  <is_temp>False</is_temp>
  <is_readonly>True</is_readonly>
  <buildSummary />
</deployment>