﻿<?xml version="1.0" encoding="utf-8"?>
<deployment>
  <id>3f498ad3-b40e-4c00-890c-edee8bf64910</id>
  <author>N/A</author>
  <deployer>Push-Deployer</deployer>
  <authorEmail>N/A</authorEmail>
  <message>Created via a push deployment</message>
  <progress></progress>
  <status>Success</status>
  <statusText></statusText>
  <lastSuccessEndTime>2025-10-06T06:13:40.9052874Z</lastSuccessEndTime>
  <receivedTime>2025-10-06T06:11:17.4597768Z</receivedTime>
  <startTime>2025-10-06T06:11:19.0396181Z</startTime>
  <endTime>2025-10-06T06:13:40.9052874Z</endTime>
  <complete>True</complete>
  <is_temp>False</is_temp>
  <is_readonly>True</is_readonly>
  <buildSummary />
</deployment>