<step title="BackgroundTrace" date="2025-10-03T14:06:23.725" instance="f8f925" url="/api/publish" method="POST" >
  <step title="Creating temporary deployment - FetchDeploymentManager" date="2025-10-03T14:06:23.925" /><!-- duration: 3ms -->
  <step title="Creating temporary deployment" date="2025-10-03T14:06:23.932" /><!-- duration: 92ms -->
  <step title="Performing fetch based deployment" date="2025-10-03T14:06:24.090" >
    <step title="Cleaning up temp folders from previous zip deployments and extracting pushed zip file /tmp/zipdeploy/15918127-ed45-4d91-aaf6-3b04f501d4b2.zip (0.01 MB) to /tmp/zipdeploy/extracted" date="2025-10-03T14:06:25.514" >
      <step title="ChmodRecursive Process exited with total time taken in ms: 130" date="2025-10-03T14:06:25.792" /><!-- duration: 22ms -->
    </step><!-- duration: 330ms -->
    <step title="Deployment timer started" date="2025-10-03T14:06:27.891" >
      <step title="DeploymentManager.Deploy(id:94a147cb-106c-413a-9f06-5b5948731e7d)" date="2025-10-03T14:06:27.904" >
        <step title="Collecting changeset information" date="2025-10-03T14:06:27.931" /><!-- duration: 118ms -->
        <step title="Updating submodules" date="2025-10-03T14:06:28.054" /><!-- duration: 1189ms -->
        <step title="Determining deployment builder" date="2025-10-03T14:06:29.634" >
          <step title="Builder is OryxBuilder" date="2025-10-03T14:06:29.664" /><!-- duration: 16ms -->
        </step><!-- duration: 57ms -->
        <step title="PreDeployment: context.CleanOutputPath False" date="2025-10-03T14:06:29.773" >
          <step title="PreDeployment: context.OutputPath /home/site/wwwroot" date="2025-10-03T14:06:30.034" >
            <step title="Building" date="2025-10-03T14:06:30.322" >
              <step title="Executing external process" date="2025-10-03T14:06:31.013" type="process" path="bash" arguments="-c &quot;oryx build /tmp/zipdeploy/extracted -o /home/site/wwwroot --platform python --platform-version 3.11 -p virtualenv_name=antenv --log-file /tmp/build-debug.log  -i /tmp/8de02860cd2d77b --compress-destination-dir | tee /tmp/oryx-build.log ; exit $PIPESTATUS &quot;" /><!-- duration: 148315ms -->
              <step title="Using PythonDeploymentLogParser" date="2025-10-03T14:09:00.103" /><!-- duration: 4ms -->
              <step title="Modified file to trigger a restart of the app container." date="2025-10-03T14:09:02.031" /><!-- duration: 4ms -->
              <step title="Skip function trigger and logicapp sync because function is not enabled." date="2025-10-03T14:09:02.063" /><!-- duration: 3ms -->
            </step><!-- duration: 152631ms -->
          </step><!-- duration: 152933ms -->
          <step title="Cleaning up temp files" date="2025-10-03T14:09:02.971" /><!-- duration: 916ms -->
          <step title="Cleaning up temp files" date="2025-10-03T14:09:03.892" /><!-- duration: 514ms -->
          <step title="Reloading status file with latest updates" date="2025-10-03T14:09:04.761" >
            <step title="WebHooksManager.PublishEventAsync: PostDeployment" date="2025-10-03T14:09:04.774" /><!-- duration: 191ms -->
          </step><!-- duration: 207ms -->
          <step title="Cleaning up temporary deployment - fetch deployment was successful" date="2025-10-03T14:09:04.976" /><!-- duration: 2ms -->
        </step><!-- duration: 155311ms -->
      </step><!-- duration: 157196ms -->
