<step title="Incoming Request" date="2025-10-06T06:58:19.237" instance="f8f925" url="/api/publish?type=zip&amp;async=True" method="POST" type="request" pid="770,1,18" Accept="*/*" Host="teamsbot-mihai-mi.scm.azurewebsites.net" User-Agent="AZURECLI/2.65.0 (MSI)" Accept-Encoding="gzip, deflate" Authorization="Bas..." Cache-Control="no-cache" Content-Type="application/octet-stream" Content-Length="11221" x-ms-client-request-id="d32148fb-a281-11f0-a307-f0a6549f27e0" x-ms-artifact-checksum="c307ab95d031d0be0d69e8d7dcc7061e1b4517004c53ea89528284836aa646d5" X-ARR-LOG-ID="d32148fb-a281-11f0-a307-f0a6549f27e0" CLIENT-IP="193.194.0.20:61843" X-SITE-DEPLOYMENT-ID="teamsbot-mihai-mi" WAS-DEFAULT-HOSTNAME="teamsbot-mihai-mi.scm.azurewebsites.net" X-Forwarded-Proto="https" X-AppService-Proto="https" X-Forwarded-TlsVersion="1.3" X-WAWS-Unencoded-URL="/api/publish?type=zip&amp;async=True" X-Client-IP="193.194.0.20" X-Client-Port="61843" >
  <step title="Cleanup Xml Logs" date="2025-10-06T06:58:19.240" /><!-- duration: 4ms -->
  <step title="OneDeploy" date="2025-10-06T06:58:19.337" >
    <step title="None repository commit" date="2025-10-06T06:58:19.355" >
      <step title="Commit id: d3c633da-47bb-46f6-8c09-1c277d934434" date="2025-10-06T06:58:19.358" Message="N/A" AuthorName="N/A" AuthorEmail="N/A" /><!-- duration: 2ms -->
    </step><!-- duration: 10ms -->
    <step title="Starting PushDeployAsync" date="2025-10-06T06:58:19.368" /><!-- duration: 2ms -->
    <step title="Writing artifact to /tmp/zipdeploy/6148ca1f-c5f1-4ca6-a9f8-328eaed64535.zip" date="2025-10-06T06:58:19.379" >
      <step title="Writing multipart request body to /tmp/zipdeploy/6148ca1f-c5f1-4ca6-a9f8-328eaed64535.zip" date="2025-10-06T06:58:19.387" /><!-- duration: 8ms -->
    </step><!-- duration: 111ms -->
    <step title="Removing previous build artifact&apos;s manifest file" date="2025-10-06T06:58:19.499" >
      <step title="Start deployment in the background" date="2025-10-06T06:58:19.531" >
        <step title="Acquiring Deployment Lock" date="2025-10-06T06:58:19.563" /><!-- duration: 6ms -->
        <step title="Acquired Deployment Lock" date="2025-10-06T06:58:19.596" /><!-- duration: 2ms -->
      </step><!-- duration: 152ms -->
    </step><!-- duration: 188ms -->
    <step title="Outgoing response" date="2025-10-06T06:58:19.701" type="response" statusCode="202" statusText="Accepted" /><!-- duration: 3ms -->
  </step><!-- duration: 369ms -->
