<step title="Incoming Request" date="2025-10-06T06:11:12.692" instance="f8f925" url="/api/zipdeploy?isAsync=true" method="POST" type="request" pid="770,1,5" Accept="*/*" Host="teamsbot-mihai-mi.scm.azurewebsites.net" User-Agent="AZURECLI/2.65.0 (MSI)" Accept-Encoding="gzip, deflate" Authorization="Bas..." Cache-Control="no-cache" Content-Type="application/octet-stream" Content-Length="11198" x-ms-client-request-id="2f394d2e-a27b-11f0-b135-f0a6549f27e0" x-ms-artifact-checksum="ec305f80f2a88f8841098f7f332bac524ad80a928f52fd30db89b9dc376c3f36" X-ARR-LOG-ID="2f394d2e-a27b-11f0-b135-f0a6549f27e0" CLIENT-IP="193.194.0.20:57712" X-SITE-DEPLOYMENT-ID="teamsbot-mihai-mi" WAS-DEFAULT-HOSTNAME="teamsbot-mihai-mi.scm.azurewebsites.net" X-Forwarded-Proto="https" X-AppService-Proto="https" X-Forwarded-TlsVersion="1.3" X-WAWS-Unencoded-URL="/api/zipdeploy?isAsync=true" X-Client-IP="193.194.0.20" X-Client-Port="57712" >
  <step title="ZipPushDeploy" date="2025-10-06T06:11:13.231" >
    <step title="ZipDeploy. Extract zip. Remote build." date="2025-10-06T06:11:13.245" /><!-- duration: 2ms -->
    <step title="None repository commit" date="2025-10-06T06:11:13.254" >
      <step title="Commit id: 3f498ad3-b40e-4c00-890c-edee8bf64910" date="2025-10-06T06:11:13.257" Message="N/A" AuthorName="N/A" AuthorEmail="N/A" /><!-- duration: 2ms -->
    </step><!-- duration: 7ms -->
    <step title="Starting PushDeployAsync" date="2025-10-06T06:11:13.264" /><!-- duration: 2ms -->
    <step title="Writing artifact to /tmp/zipdeploy/0c401869-c584-463a-85b6-5b6d0ce1b758.zip" date="2025-10-06T06:11:13.284" >
      <step title="Writing multipart request body to /tmp/zipdeploy/0c401869-c584-463a-85b6-5b6d0ce1b758.zip" date="2025-10-06T06:11:13.290" /><!-- duration: 2ms -->
    </step><!-- duration: 106ms -->
    <step title="Removing previous build artifact&apos;s manifest file" date="2025-10-06T06:11:13.431" >
      <step title="Start deployment in the background" date="2025-10-06T06:11:13.451" >
        <step title="Acquiring Deployment Lock" date="2025-10-06T06:11:13.481" /><!-- duration: 9ms -->
        <step title="Acquired Deployment Lock" date="2025-10-06T06:11:13.550" /><!-- duration: 4ms -->
      </step><!-- duration: 254ms -->
    </step><!-- duration: 293ms -->
    <step title="Outgoing response" date="2025-10-06T06:11:13.775" type="response" statusCode="202" statusText="Accepted" /><!-- duration: 10ms -->
  </step><!-- duration: 561ms -->
