<step title="BackgroundTrace" date="2025-10-06T06:11:13.454" instance="f8f925" url="/api/zipdeploy" method="POST" >
  <step title="Creating temporary deployment - FetchDeploymentManager" date="2025-10-06T06:11:13.556" /><!-- duration: 4ms -->
  <step title="Creating temporary deployment" date="2025-10-06T06:11:13.570" /><!-- duration: 128ms -->
  <step title="Performing fetch based deployment" date="2025-10-06T06:11:13.823" >
    <step title="Cleaning up temp folders from previous zip deployments and extracting pushed zip file /tmp/zipdeploy/0c401869-c584-463a-85b6-5b6d0ce1b758.zip (0.01 MB) to /tmp/zipdeploy/extracted" date="2025-10-06T06:11:15.073" >
      <step title="ChmodRecursive Process exited with total time taken in ms: 77" date="2025-10-06T06:11:15.196" /><!-- duration: 12ms -->
    </step><!-- duration: 162ms -->
    <step title="Deployment timer started" date="2025-10-06T06:11:17.279" >
      <step title="DeploymentManager.Deploy(id:3f498ad3-b40e-4c00-890c-edee8bf64910)" date="2025-10-06T06:11:17.291" >
        <step title="Collecting changeset information" date="2025-10-06T06:11:17.339" /><!-- duration: 250ms -->
        <step title="Updating submodules" date="2025-10-06T06:11:17.617" /><!-- duration: 1232ms -->
        <step title="Determining deployment builder" date="2025-10-06T06:11:19.160" >
          <step title="Builder is OryxBuilder" date="2025-10-06T06:11:19.171" /><!-- duration: 11ms -->
        </step><!-- duration: 32ms -->
        <step title="PreDeployment: context.CleanOutputPath False" date="2025-10-06T06:11:19.273" >
          <step title="PreDeployment: context.OutputPath /home/site/wwwroot" date="2025-10-06T06:11:19.515" >
            <step title="Building" date="2025-10-06T06:11:19.847" >
              <step title="Executing external process" date="2025-10-06T06:11:20.510" type="process" path="bash" arguments="-c &quot;oryx build /tmp/zipdeploy/extracted -o /home/site/wwwroot --platform python --platform-version 3.11 -p virtualenv_name=antenv --log-file /tmp/build-debug.log  -i /tmp/8de049f2a781a48 --compress-destination-dir | tee /tmp/oryx-build.log ; exit $PIPESTATUS &quot;" /><!-- duration: 136738ms -->
              <step title="Using PythonDeploymentLogParser" date="2025-10-06T06:13:37.966" /><!-- duration: 9ms -->
              <step title="Triggering recycle (preview mode disabled)." date="2025-10-06T06:13:40.246" /><!-- duration: 19ms -->
              <step title="Modified file to trigger a restart of the app container." date="2025-10-06T06:13:40.345" /><!-- duration: 8ms -->
              <step title="Skip function trigger and logicapp sync because function is not enabled." date="2025-10-06T06:13:40.393" /><!-- duration: 4ms -->
            </step><!-- duration: 141602ms -->
          </step><!-- duration: 141937ms -->
          <step title="Cleaning up temp files" date="2025-10-06T06:13:41.455" /><!-- duration: 765ms -->
          <step title="Cleaning up temp files" date="2025-10-06T06:13:42.222" /><!-- duration: 512ms -->
          <step title="Reloading status file with latest updates" date="2025-10-06T06:13:42.760" >
            <step title="WebHooksManager.PublishEventAsync: PostDeployment" date="2025-10-06T06:13:42.765" /><!-- duration: 99ms -->
          </step><!-- duration: 111ms -->
          <step title="Cleaning up temporary deployment - fetch deployment was successful" date="2025-10-06T06:13:42.875" /><!-- duration: 2ms -->
        </step><!-- duration: 143672ms -->
      </step><!-- duration: 145666ms -->
