<step title="BackgroundTrace" date="2025-10-06T06:58:19.538" instance="f8f925" url="/api/publish" method="POST" >
  <step title="Creating temporary deployment - FetchDeploymentManager" date="2025-10-06T06:58:19.601" /><!-- duration: 2ms -->
  <step title="Creating temporary deployment" date="2025-10-06T06:58:19.606" /><!-- duration: 72ms -->
  <step title="Performing fetch based deployment" date="2025-10-06T06:58:19.713" >
    <step title="Cleaning up temp folders from previous zip deployments and extracting pushed zip file /tmp/zipdeploy/6148ca1f-c5f1-4ca6-a9f8-328eaed64535.zip (0.01 MB) to /tmp/zipdeploy/extracted" date="2025-10-06T06:58:20.906" >
      <step title="ChmodRecursive Process exited with total time taken in ms: 98" date="2025-10-06T06:58:21.071" /><!-- duration: 8ms -->
    </step><!-- duration: 176ms -->
    <step title="Deployment timer started" date="2025-10-06T06:58:23.102" >
      <step title="DeploymentManager.Deploy(id:d3c633da-47bb-46f6-8c09-1c277d934434)" date="2025-10-06T06:58:23.109" >
        <step title="Collecting changeset information" date="2025-10-06T06:58:23.149" /><!-- duration: 131ms -->
        <step title="Updating submodules" date="2025-10-06T06:58:23.285" /><!-- duration: 1155ms -->
        <step title="Determining deployment builder" date="2025-10-06T06:58:24.751" >
          <step title="Builder is OryxBuilder" date="2025-10-06T06:58:24.772" /><!-- duration: 8ms -->
        </step><!-- duration: 32ms -->
        <step title="PreDeployment: context.CleanOutputPath False" date="2025-10-06T06:58:24.901" >
          <step title="PreDeployment: context.OutputPath /home/site/wwwroot" date="2025-10-06T06:58:25.071" >
            <step title="Building" date="2025-10-06T06:58:25.261" >
              <step title="Executing external process" date="2025-10-06T06:58:26.141" type="process" path="bash" arguments="-c &quot;oryx build /tmp/zipdeploy/extracted -o /home/site/wwwroot --platform python --platform-version 3.11 -p virtualenv_name=antenv --log-file /tmp/build-debug.log  -i /tmp/8de04a5bea98ff0 --compress-destination-dir | tee /tmp/oryx-build.log ; exit $PIPESTATUS &quot;" /><!-- duration: 189784ms -->
              <step title="Using PythonDeploymentLogParser" date="2025-10-06T07:01:36.561" /><!-- duration: 4ms -->
              <step title="Modified file to trigger a restart of the app container." date="2025-10-06T07:01:38.120" /><!-- duration: 6ms -->
              <step title="Skip function trigger and logicapp sync because function is not enabled." date="2025-10-06T07:01:38.145" /><!-- duration: 10ms -->
            </step><!-- duration: 193934ms -->
          </step><!-- duration: 194137ms -->
          <step title="Cleaning up temp files" date="2025-10-06T07:01:39.211" /><!-- duration: 717ms -->
          <step title="Cleaning up temp files" date="2025-10-06T07:01:39.931" /><!-- duration: 509ms -->
          <step title="Reloading status file with latest updates" date="2025-10-06T07:01:40.493" >
            <step title="WebHooksManager.PublishEventAsync: PostDeployment" date="2025-10-06T07:01:40.511" /><!-- duration: 527ms -->
          </step><!-- duration: 554ms -->
          <step title="Cleaning up temporary deployment - fetch deployment was successful" date="2025-10-06T07:01:41.076" /><!-- duration: 11ms -->
        </step><!-- duration: 196276ms -->
      </step><!-- duration: 198096ms -->
