﻿<?xml version="1.0" encoding="utf-8"?>
<deployment>
  <id>aa640d5a-4bd5-44ed-8fd6-3d517823b71b</id>
  <author>N/A</author>
  <deployer>Push-Deployer</deployer>
  <authorEmail>N/A</authorEmail>
  <message>Created via a push deployment</message>
  <progress></progress>
  <status>Success</status>
  <statusText></statusText>
  <lastSuccessEndTime>2025-10-06T08:44:19.275015Z</lastSuccessEndTime>
  <receivedTime>2025-10-06T08:42:23.7208994Z</receivedTime>
  <startTime>2025-10-06T08:42:25.4792964Z</startTime>
  <endTime>2025-10-06T08:44:19.275015Z</endTime>
  <complete>True</complete>
  <is_temp>False</is_temp>
  <is_readonly>True</is_readonly>
  <buildSummary />
</deployment>