﻿<?xml version="1.0" encoding="utf-8"?>
<deployment>
  <id>f34e7b7f-e019-4506-b246-850cd070b9b9</id>
  <author>N/A</author>
  <deployer>Push-Deployer</deployer>
  <authorEmail>N/A</authorEmail>
  <message>Created via a push deployment</message>
  <progress></progress>
  <status>Success</status>
  <statusText></statusText>
  <lastSuccessEndTime>2025-10-06T08:26:44.0704033Z</lastSuccessEndTime>
  <receivedTime>2025-10-06T08:25:16.5327848Z</receivedTime>
  <startTime>2025-10-06T08:25:18.0718721Z</startTime>
  <endTime>2025-10-06T08:26:44.0704033Z</endTime>
  <complete>True</complete>
  <is_temp>False</is_temp>
  <is_readonly>True</is_readonly>
  <buildSummary />
</deployment>